weather,seq_nr
clear,1
clear,1
clear,1
clear,1
clear,1
clear,1
clear,1
clear,1
clear,1
clear,1
clear,1
clear,1
clear,1
clear,1
clear,1
clear,1
clear,1
clear,1
clear,1
clear,1
clear,1
clear,1
clear,1
clear,1
clear,1
clear,1
clear,1
clear,1
clear,1
clear,1
clear,1
clear,1
clear,1
clear,1
rainy,2
rainy,2
rainy,2
rainy,2
rainy,2
rainy,2
rainy,2
rainy,2
rainy,2
rainy,2
rainy,2
rainy,2
rainy,2
rainy,2
rainy,2
rainy,2
rainy,2
rainy,2
rainy,2
rainy,2
rainy,2
rainy,2
rainy,2
rainy,2
rainy,2
rainy,2
rainy,2
rainy,2
rainy,2
rainy,2
rainy,2
rainy,2
rainy,2
clear,2
night,3
night,3
night,3
night,3
night,3
night,3
night,3
night,3
night,3
night,3
night,3
night,3
night,3
night,3
night,3
night,3
night,3
night,3
night,3
night,3
night,3
night,3
night,3
night,3
night,3
night,3
night,3
night,3
night,3
night,3
night,3
night,3
night,3
clear,3
clear,4
clear,4
clear,4
clear,4
clear,4
clear,4
clear,4
clear,4
clear,4
clear,4
clear,4
clear,4
clear,4
clear,4
clear,4
clear,4
clear,4
clear,4
clear,4
clear,4
clear,4
clear,4
clear,4
clear,4
clear,4
clear,4
clear,4
clear,4
clear,4
clear,4
clear,4
clear,4
clear,4
clear,4
clear,4
clear,5
clear,5
clear,5
clear,5
clear,5
clear,5
clear,5
clear,5
clear,5
clear,5
clear,5
clear,5
clear,5
clear,5
clear,5
clear,5
clear,5
clear,5
clear,5
clear,5
clear,5
clear,5
clear,5
clear,5
clear,5
clear,5
clear,5
clear,5
clear,5
clear,5
clear,5
clear,5
clear,5
clear,5
clear,6
clear,6
clear,6
clear,6
clear,6
clear,6
clear,6
clear,6
clear,6
clear,6
clear,6
clear,6
clear,6
clear,6
clear,6
clear,6
clear,6
clear,6
clear,6
clear,6
clear,6
clear,6
clear,6
clear,6
clear,6
clear,6
clear,6
clear,6
clear,6
clear,6
clear,6
clear,6
clear,6
rainy,7
rainy,7
rainy,7
rainy,7
rainy,7
rainy,7
rainy,7
rainy,7
rainy,7
rainy,7
rainy,7
rainy,7
rainy,7
rainy,7
rainy,7
rainy,7
rainy,7
rainy,7
rainy,7
rainy,7
rainy,7
rainy,7
rainy,7
rainy,7
rainy,7
rainy,7
rainy,7
rainy,7
rainy,7
rainy,7
rainy,7
rainy,7
rainy,7
clear,7
night,8
night,8
night,8
night,8
night,8
night,8
night,8
night,8
night,8
night,8
night,8
night,8
night,8
night,8
night,8
night,8
night,8
night,8
night,8
night,8
night,8
night,8
night,8
night,8
night,8
night,8
night,8
night,8
night,8
night,8
night,8
night,8
night,8
clear,8
clear,9
clear,9
clear,9
clear,9
clear,9
clear,9
clear,9
clear,9
clear,9
clear,9
clear,9
clear,9
clear,9
clear,9
clear,9
clear,9
clear,9
clear,9
clear,9
clear,9
clear,9
clear,9
clear,9
clear,9
clear,9
clear,9
clear,9
clear,9
clear,9
clear,9
clear,9
clear,9
clear,9
clear,9
clear,9
clear,10
clear,10
clear,10
clear,10
clear,10
clear,10
clear,10
clear,10
clear,10
clear,10
clear,10
clear,10
clear,10
clear,10
clear,10
clear,10
clear,10
clear,10
clear,10
clear,10
clear,10
clear,10
clear,10
clear,10
clear,10
clear,10
clear,10
clear,10
clear,10
clear,10
clear,10
clear,10
clear,10
clear,10
clear,10
night,11
night,11
night,11
night,11
night,11
night,11
night,11
night,11
night,11
night,11
night,11
night,11
night,11
night,11
night,11
night,11
night,11
night,11
night,11
night,11
night,11
night,11
night,11
night,11
night,11
night,11
night,11
night,11
night,11
night,11
night,11
night,11
night,11
clear,11
clear,12
clear,12
clear,12
clear,12
clear,12
clear,12
clear,12
clear,12
clear,12
clear,12
clear,12
clear,12
clear,12
clear,12
clear,12
clear,12
clear,12
clear,12
clear,12
clear,12
clear,12
clear,12
clear,12
clear,12
clear,12
clear,12
clear,12
clear,12
clear,12
clear,12
clear,12
clear,12
clear,12
clear,12
clear,12
rainy,13
rainy,13
rainy,13
rainy,13
rainy,13
rainy,13
rainy,13
rainy,13
rainy,13
rainy,13
rainy,13
rainy,13
rainy,13
rainy,13
rainy,13
rainy,13
rainy,13
rainy,13
rainy,13
rainy,13
rainy,13
rainy,13
rainy,13
rainy,13
rainy,13
rainy,13
rainy,13
rainy,13
rainy,13
rainy,13
rainy,13
rainy,13
rainy,13
clear,13
rainy,14
rainy,14
rainy,14
rainy,14
rainy,14
rainy,14
rainy,14
rainy,14
rainy,14
rainy,14
rainy,14
rainy,14
rainy,14
rainy,14
rainy,14
rainy,14
rainy,14
rainy,14
rainy,14
rainy,14
rainy,14
rainy,14
rainy,14
rainy,14
rainy,14
rainy,14
rainy,14
rainy,14
rainy,14
rainy,14
rainy,14
rainy,14
rainy,14
clear,14
clear,15
clear,15
clear,15
clear,15
clear,15
clear,15
clear,15
clear,15
clear,15
clear,15
clear,15
clear,15
clear,15
clear,15
clear,15
clear,15
clear,15
clear,15
clear,15
clear,15
clear,15
clear,15
clear,15
clear,15
clear,15
clear,15
clear,15
clear,15
clear,15
clear,15
clear,15
clear,15
clear,15
clear,16
clear,16
clear,16
clear,16
clear,16
clear,16
clear,16
clear,16
clear,16
clear,16
clear,16
clear,16
clear,16
clear,16
clear,16
clear,16
clear,16
clear,16
clear,16
clear,16
clear,16
clear,16
clear,16
clear,16
clear,16
clear,16
clear,16
clear,16
clear,16
clear,16
clear,16
clear,16
clear,16
clear,16
clear,17
clear,17
clear,17
clear,17
clear,17
clear,17
clear,17
clear,17
clear,17
clear,17
clear,17
clear,17
clear,17
clear,17
clear,17
clear,17
clear,17
clear,17
clear,17
clear,17
clear,17
clear,17
clear,17
clear,17
clear,17
clear,17
clear,17
clear,17
clear,17
clear,17
clear,17
clear,17
clear,17
clear,17
clear,17
clear,18
clear,18
clear,18
clear,18
clear,18
clear,18
clear,18
clear,18
clear,18
clear,18
clear,18
clear,18
clear,18
clear,18
clear,18
clear,18
clear,18
clear,18
clear,18
clear,18
clear,18
clear,18
clear,18
clear,18
clear,18
clear,18
clear,18
clear,18
clear,18
clear,18
clear,18
clear,18
clear,18
clear,18
clear,18
clear,19
clear,19
clear,19
clear,19
clear,19
clear,19
clear,19
clear,19
clear,19
clear,19
clear,19
clear,19
clear,19
clear,19
clear,19
clear,19
clear,19
clear,19
clear,19
clear,19
clear,19
clear,19
clear,19
clear,19
clear,19
clear,19
clear,19
clear,19
clear,19
clear,19
clear,19
clear,19
clear,19
clear,19
clear,19
clear,20
clear,20
clear,20
clear,20
clear,20
clear,20
clear,20
clear,20
clear,20
clear,20
clear,20
clear,20
clear,20
clear,20
clear,20
clear,20
clear,20
clear,20
clear,20
clear,20
clear,20
clear,20
clear,20
clear,20
clear,20
clear,20
clear,20
clear,20
clear,20
clear,20
clear,20
clear,20
clear,20
clear,20
clear,21
clear,21
clear,21
clear,21
clear,21
clear,21
clear,21
clear,21
clear,21
clear,21
clear,21
clear,21
clear,21
clear,21
clear,21
clear,21
clear,21
clear,21
clear,21
clear,21
clear,21
clear,21
clear,21
clear,21
clear,21
clear,21
clear,21
clear,21
clear,21
clear,21
clear,21
clear,21
clear,21
clear,21
clear,21
clear,22
clear,22
clear,22
clear,22
clear,22
clear,22
clear,22
clear,22
clear,22
clear,22
clear,22
clear,22
clear,22
clear,22
clear,22
clear,22
clear,22
clear,22
clear,22
clear,22
clear,22
clear,22
clear,22
clear,22
clear,22
clear,22
clear,22
clear,22
clear,22
clear,22
clear,22
clear,22
clear,22
clear,22
clear,23
clear,23
clear,23
clear,23
clear,23
clear,23
clear,23
clear,23
clear,23
clear,23
clear,23
clear,23
clear,23
clear,23
clear,23
clear,23
clear,23
clear,23
clear,23
clear,23
clear,23
clear,23
clear,23
clear,23
clear,23
clear,23
clear,23
clear,23
clear,23
clear,23
clear,23
clear,23
clear,23
clear,23
clear,24
clear,24
clear,24
clear,24
clear,24
clear,24
clear,24
clear,24
clear,24
clear,24
clear,24
clear,24
clear,24
clear,24
clear,24
clear,24
clear,24
clear,24
clear,24
clear,24
clear,24
clear,24
clear,24
clear,24
clear,24
clear,24
clear,24
clear,24
clear,24
clear,24
clear,24
clear,24
clear,24
clear,25
clear,25
clear,25
clear,25
clear,25
clear,25
clear,25
clear,25
clear,25
clear,25
clear,25
clear,25
clear,25
clear,25
clear,25
clear,25
clear,25
clear,25
clear,25
clear,25
clear,25
clear,25
clear,25
clear,25
clear,25
clear,25
clear,25
clear,25
clear,25
clear,25
clear,25
clear,25
clear,25
clear,26
clear,26
clear,26
clear,26
clear,26
clear,26
clear,26
clear,26
clear,26
clear,26
clear,26
clear,26
clear,26
clear,26
clear,26
clear,26
clear,26
clear,26
clear,26
clear,26
clear,26
clear,26
clear,26
clear,26
clear,26
clear,26
clear,26
clear,26
clear,26
clear,26
clear,26
clear,26
clear,26
clear,26
rainy,27
rainy,27
rainy,27
rainy,27
rainy,27
rainy,27
rainy,27
rainy,27
rainy,27
rainy,27
rainy,27
rainy,27
rainy,27
rainy,27
rainy,27
rainy,27
rainy,27
rainy,27
rainy,27
rainy,27
rainy,27
rainy,27
rainy,27
rainy,27
rainy,27
rainy,27
rainy,27
rainy,27
rainy,27
rainy,27
rainy,27
rainy,27
rainy,27
clear,27
clear,28
clear,28
clear,28
clear,28
clear,28
clear,28
clear,28
clear,28
clear,28
clear,28
clear,28
clear,28
clear,28
clear,28
clear,28
clear,28
clear,28
clear,28
clear,28
clear,28
clear,28
clear,28
clear,28
clear,28
clear,28
clear,28
clear,28
clear,28
clear,28
clear,28
clear,28
clear,28
clear,28
clear,28
clear,29
clear,29
clear,29
clear,29
clear,29
clear,29
clear,29
clear,29
clear,29
clear,29
clear,29
clear,29
clear,29
clear,29
clear,29
clear,29
clear,29
clear,29
clear,29
clear,29
clear,29
clear,29
clear,29
clear,29
clear,29
clear,29
clear,29
clear,29
clear,29
clear,29
clear,29
clear,29
clear,29
clear,29
clear,30
clear,30
clear,30
clear,30
clear,30
clear,30
clear,30
clear,30
clear,30
clear,30
clear,30
clear,30
clear,30
clear,30
clear,30
clear,30
clear,30
clear,30
clear,30
clear,30
clear,30
clear,30
clear,30
clear,30
clear,30
clear,30
clear,30
clear,30
clear,30
clear,30
clear,30
clear,30
clear,30
clear,30
clear,30
clear,31
clear,31
clear,31
clear,31
clear,31
clear,31
clear,31
clear,31
clear,31
clear,31
clear,31
clear,31
clear,31
clear,31
clear,31
clear,31
clear,31
clear,31
clear,31
clear,31
clear,31
clear,31
clear,31
clear,31
clear,31
clear,31
clear,31
clear,31
clear,31
clear,31
clear,31
clear,31
clear,31
clear,31
clear,32
clear,32
clear,32
clear,32
clear,32
clear,32
clear,32
clear,32
clear,32
clear,32
clear,32
clear,32
clear,32
clear,32
clear,32
clear,32
clear,32
clear,32
clear,32
clear,32
clear,32
clear,32
clear,32
clear,32
clear,32
clear,32
clear,32
clear,32
clear,32
clear,32
clear,32
clear,32
clear,32
clear,32
clear,33
clear,33
clear,33
clear,33
clear,33
clear,33
clear,33
clear,33
clear,33
clear,33
clear,33
clear,33
clear,33
clear,33
clear,33
clear,33
clear,33
clear,33
clear,33
clear,33
clear,33
clear,33
clear,33
clear,33
clear,33
clear,33
clear,33
clear,33
clear,33
clear,33
clear,33
clear,33
clear,33
clear,33
clear,34
clear,34
clear,34
clear,34
clear,34
clear,34
clear,34
clear,34
clear,34
clear,34
clear,34
clear,34
clear,34
clear,34
clear,34
clear,34
clear,34
clear,34
clear,34
clear,34
clear,34
clear,34
clear,34
clear,34
clear,34
clear,34
clear,34
clear,34
clear,34
clear,34
clear,34
clear,34
clear,34
rainy,35
rainy,35
rainy,35
rainy,35
rainy,35
rainy,35
rainy,35
rainy,35
rainy,35
rainy,35
rainy,35
rainy,35
rainy,35
rainy,35
rainy,35
rainy,35
rainy,35
rainy,35
rainy,35
rainy,35
rainy,35
rainy,35
rainy,35
rainy,35
rainy,35
rainy,35
rainy,35
rainy,35
rainy,35
rainy,35
rainy,35
rainy,35
rainy,35
rainy,35
clear,35
rainy,36
rainy,36
rainy,36
rainy,36
rainy,36
rainy,36
rainy,36
rainy,36
rainy,36
rainy,36
rainy,36
rainy,36
rainy,36
rainy,36
rainy,36
rainy,36
rainy,36
rainy,36
rainy,36
rainy,36
rainy,36
rainy,36
rainy,36
rainy,36
rainy,36
rainy,36
rainy,36
rainy,36
rainy,36
rainy,36
rainy,36
rainy,36
rainy,36
clear,36
clear,37
clear,37
clear,37
clear,37
clear,37
clear,37
clear,37
clear,37
clear,37
clear,37
clear,37
clear,37
clear,37
clear,37
clear,37
clear,37
clear,37
clear,37
clear,37
clear,37
clear,37
clear,37
clear,37
clear,37
clear,37
clear,37
clear,37
clear,37
clear,37
clear,37
clear,37
clear,37
clear,37
clear,37
clear,38
clear,38
clear,38
clear,38
clear,38
clear,38
clear,38
clear,38
clear,38
clear,38
clear,38
clear,38
clear,38
clear,38
clear,38
clear,38
clear,38
clear,38
clear,38
clear,38
clear,38
clear,38
clear,38
clear,38
clear,38
clear,38
clear,38
clear,38
clear,38
clear,38
clear,38
clear,38
clear,38
clear,38
clear,39
clear,39
clear,39
clear,39
clear,39
clear,39
clear,39
clear,39
clear,39
clear,39
clear,39
clear,39
clear,39
clear,39
clear,39
clear,39
clear,39
clear,39
clear,39
clear,39
clear,39
clear,39
clear,39
clear,39
clear,39
clear,39
clear,39
clear,39
clear,39
clear,39
clear,39
clear,39
clear,39
clear,39
clear,40
clear,40
clear,40
clear,40
clear,40
clear,40
clear,40
clear,40
clear,40
clear,40
clear,40
clear,40
clear,40
clear,40
clear,40
clear,40
clear,40
clear,40
clear,40
clear,40
clear,40
clear,40
clear,40
clear,40
clear,40
clear,40
clear,40
clear,40
clear,40
clear,40
clear,40
clear,40
clear,40
clear,40
clear,41
clear,41
clear,41
clear,41
clear,41
clear,41
clear,41
clear,41
clear,41
clear,41
clear,41
clear,41
clear,41
clear,41
clear,41
clear,41
clear,41
clear,41
clear,41
clear,41
clear,41
clear,41
clear,41
clear,41
clear,41
clear,41
clear,41
clear,41
clear,41
clear,41
clear,41
clear,41
clear,41
clear,41
clear,41
clear,42
clear,42
clear,42
clear,42
clear,42
clear,42
clear,42
clear,42
clear,42
clear,42
clear,42
clear,42
clear,42
clear,42
clear,42
clear,42
clear,42
clear,42
clear,42
clear,42
clear,42
clear,42
clear,42
clear,42
clear,42
clear,42
clear,42
clear,42
clear,42
clear,42
clear,42
clear,42
clear,42
clear,42
clear,43
clear,43
clear,43
clear,43
clear,43
clear,43
clear,43
clear,43
clear,43
clear,43
clear,43
clear,43
clear,43
clear,43
clear,43
clear,43
clear,43
clear,43
clear,43
clear,43
clear,43
clear,43
clear,43
clear,43
clear,43
clear,43
clear,43
clear,43
clear,43
clear,43
clear,43
clear,43
clear,43
clear,43
clear,44
clear,44
clear,44
clear,44
clear,44
clear,44
clear,44
clear,44
clear,44
clear,44
clear,44
clear,44
clear,44
clear,44
clear,44
clear,44
clear,44
clear,44
clear,44
clear,44
clear,44
clear,44
clear,44
clear,44
clear,44
clear,44
clear,44
clear,44
clear,44
clear,44
clear,44
clear,44
clear,44
clear,44
clear,45
clear,45
clear,45
clear,45
clear,45
clear,45
clear,45
clear,45
clear,45
clear,45
clear,45
clear,45
clear,45
clear,45
clear,45
clear,45
clear,45
clear,45
clear,45
clear,45
clear,45
clear,45
clear,45
clear,45
clear,45
clear,45
clear,45
clear,45
clear,45
clear,45
clear,45
clear,45
clear,45
clear,45
clear,46
clear,46
clear,46
clear,46
clear,46
clear,46
clear,46
clear,46
clear,46
clear,46
clear,46
clear,46
clear,46
clear,46
clear,46
clear,46
clear,46
clear,46
clear,46
clear,46
clear,46
clear,46
clear,46
clear,46
clear,46
clear,46
clear,46
clear,46
clear,46
clear,46
clear,46
clear,46
clear,46
clear,46
clear,47
clear,47
clear,47
clear,47
clear,47
clear,47
clear,47
clear,47
clear,47
clear,47
clear,47
clear,47
clear,47
clear,47
clear,47
clear,47
clear,47
clear,47
clear,47
clear,47
clear,47
clear,47
clear,47
clear,47
clear,47
clear,47
clear,47
clear,47
clear,47
clear,47
clear,47
clear,47
clear,47
clear,47
clear,47
rainy,48
rainy,48
rainy,48
rainy,48
rainy,48
rainy,48
rainy,48
rainy,48
rainy,48
rainy,48
rainy,48
rainy,48
rainy,48
rainy,48
rainy,48
rainy,48
rainy,48
rainy,48
rainy,48
rainy,48
rainy,48
rainy,48
rainy,48
rainy,48
rainy,48
rainy,48
rainy,48
rainy,48
rainy,48
rainy,48
rainy,48
rainy,48
rainy,48
rainy,48
clear,48
clear,49
clear,49
clear,49
clear,49
clear,49
clear,49
clear,49
clear,49
clear,49
clear,49
clear,49
clear,49
clear,49
clear,49
clear,49
clear,49
clear,49
clear,49
clear,49
clear,49
clear,49
clear,49
clear,49
clear,49
clear,49
clear,49
clear,49
clear,49
clear,49
clear,49
clear,49
clear,49
clear,49
clear,49
clear,50
clear,50
clear,50
clear,50
clear,50
clear,50
clear,50
clear,50
clear,50
clear,50
clear,50
clear,50
clear,50
clear,50
clear,50
clear,50
clear,50
clear,50
clear,50
clear,50
clear,50
clear,50
clear,50
clear,50
clear,50
clear,50
clear,50
clear,50
clear,50
clear,50
clear,50
clear,50
clear,50
clear,50
rainy,51
rainy,51
rainy,51
rainy,51
rainy,51
rainy,51
rainy,51
rainy,51
rainy,51
rainy,51
rainy,51
rainy,51
rainy,51
rainy,51
rainy,51
rainy,51
rainy,51
rainy,51
rainy,51
rainy,51
rainy,51
rainy,51
rainy,51
rainy,51
rainy,51
rainy,51
rainy,51
rainy,51
rainy,51
rainy,51
rainy,51
rainy,51
rainy,51
clear,51
clear,52
clear,52
clear,52
clear,52
clear,52
clear,52
clear,52
clear,52
clear,52
clear,52
clear,52
clear,52
clear,52
clear,52
clear,52
clear,52
clear,52
clear,52
clear,52
clear,52
clear,52
clear,52
clear,52
clear,52
clear,52
clear,52
clear,52
clear,52
clear,52
clear,52
clear,52
clear,52
clear,52
clear,52
clear,53
clear,53
clear,53
clear,53
clear,53
clear,53
clear,53
clear,53
clear,53
clear,53
clear,53
clear,53
clear,53
clear,53
clear,53
clear,53
clear,53
clear,53
clear,53
clear,53
clear,53
clear,53
clear,53
clear,53
clear,53
clear,53
clear,53
clear,53
clear,53
clear,53
clear,53
clear,53
clear,53
clear,53
clear,54
clear,54
clear,54
clear,54
clear,54
clear,54
clear,54
clear,54
clear,54
clear,54
clear,54
clear,54
clear,54
clear,54
clear,54
clear,54
clear,54
clear,54
clear,54
clear,54
clear,54
clear,54
clear,54
clear,54
clear,54
clear,54
clear,54
clear,54
clear,54
clear,54
clear,54
clear,54
clear,54
clear,55
clear,55
clear,55
clear,55
clear,55
clear,55
clear,55
clear,55
clear,55
clear,55
clear,55
clear,55
clear,55
clear,55
clear,55
clear,55
clear,55
clear,55
clear,55
clear,55
clear,55
clear,55
clear,55
clear,55
clear,55
clear,55
clear,55
clear,55
clear,55
clear,55
clear,55
clear,55
clear,55
night,56
night,56
night,56
night,56
night,56
night,56
night,56
night,56
night,56
night,56
night,56
night,56
night,56
night,56
night,56
night,56
night,56
night,56
night,56
night,56
night,56
night,56
night,56
night,56
night,56
night,56
night,56
night,56
night,56
night,56
night,56
night,56
night,56
clear,56
clear,57
clear,57
clear,57
clear,57
clear,57
clear,57
clear,57
clear,57
clear,57
clear,57
clear,57
clear,57
clear,57
clear,57
clear,57
clear,57
clear,57
clear,57
clear,57
clear,57
clear,57
clear,57
clear,57
clear,57
clear,57
clear,57
clear,57
clear,57
clear,57
clear,57
clear,57
clear,57
clear,57
clear,57
clear,58
clear,58
clear,58
clear,58
clear,58
clear,58
clear,58
clear,58
clear,58
clear,58
clear,58
clear,58
clear,58
clear,58
clear,58
clear,58
clear,58
clear,58
clear,58
clear,58
clear,58
clear,58
clear,58
clear,58
clear,58
clear,58
clear,58
clear,58
clear,58
clear,58
clear,58
clear,58
clear,58
clear,58
clear,58
clear,59
clear,59
clear,59
clear,59
clear,59
clear,59
clear,59
clear,59
clear,59
clear,59
clear,59
clear,59
clear,59
clear,59
clear,59
clear,59
clear,59
clear,59
clear,59
clear,59
clear,59
clear,59
clear,59
clear,59
clear,59
clear,59
clear,59
clear,59
clear,59
clear,59
clear,59
clear,59
clear,59
clear,59
clear,59
clear,60
clear,60
clear,60
clear,60
clear,60
clear,60
clear,60
clear,60
clear,60
clear,60
clear,60
clear,60
clear,60
clear,60
clear,60
clear,60
clear,60
clear,60
clear,60
clear,60
clear,60
clear,60
clear,60
clear,60
clear,60
clear,60
clear,60
clear,60
clear,60
clear,60
clear,60
clear,60
clear,60
clear,60
clear,60
clear,61
clear,61
clear,61
clear,61
clear,61
clear,61
clear,61
clear,61
clear,61
clear,61
clear,61
clear,61
clear,61
clear,61
clear,61
clear,61
clear,61
clear,61
clear,61
clear,61
clear,61
clear,61
clear,61
clear,61
clear,61
clear,61
clear,61
clear,61
clear,61
clear,61
clear,61
clear,61
clear,61
clear,62
clear,62
clear,62
clear,62
clear,62
clear,62
clear,62
clear,62
clear,62
clear,62
clear,62
clear,62
clear,62
clear,62
clear,62
clear,62
clear,62
clear,62
clear,62
clear,62
clear,62
clear,62
clear,62
clear,62
clear,62
clear,62
clear,62
clear,62
clear,62
clear,62
clear,62
clear,62
clear,62
clear,62
clear,63
clear,63
clear,63
clear,63
clear,63
clear,63
clear,63
clear,63
clear,63
clear,63
clear,63
clear,63
clear,63
clear,63
clear,63
clear,63
clear,63
clear,63
clear,63
clear,63
clear,63
clear,63
clear,63
clear,63
clear,63
clear,63
clear,63
clear,63
clear,63
clear,63
clear,63
clear,63
clear,63
clear,63
clear,63
night,64
night,64
night,64
night,64
night,64
night,64
night,64
night,64
night,64
night,64
night,64
night,64
night,64
night,64
night,64
night,64
night,64
night,64
night,64
night,64
night,64
night,64
night,64
night,64
night,64
night,64
night,64
night,64
night,64
night,64
night,64
night,64
night,64
clear,64
clear,65
clear,65
clear,65
clear,65
clear,65
clear,65
clear,65
clear,65
clear,65
clear,65
clear,65
clear,65
clear,65
clear,65
clear,65
clear,65
clear,65
clear,65
clear,65
clear,65
clear,65
clear,65
clear,65
clear,65
clear,65
clear,65
clear,65
clear,65
clear,65
clear,65
clear,65
clear,65
clear,65
clear,65
clear,66
clear,66
clear,66
clear,66
clear,66
clear,66
clear,66
clear,66
clear,66
clear,66
clear,66
clear,66
clear,66
clear,66
clear,66
clear,66
clear,66
clear,66
clear,66
clear,66
clear,66
clear,66
clear,66
clear,66
clear,66
clear,66
clear,66
clear,66
clear,66
clear,66
clear,66
clear,66
clear,66
clear,66
clear,66
night,67
night,67
night,67
night,67
night,67
night,67
night,67
night,67
night,67
night,67
night,67
night,67
night,67
night,67
night,67
night,67
night,67
night,67
night,67
night,67
night,67
night,67
night,67
night,67
night,67
night,67
night,67
night,67
night,67
night,67
night,67
night,67
night,67
clear,67
clear,68
clear,68
clear,68
clear,68
clear,68
clear,68
clear,68
clear,68
clear,68
clear,68
clear,68
clear,68
clear,68
clear,68
clear,68
clear,68
clear,68
clear,68
clear,68
clear,68
clear,68
clear,68
clear,68
clear,68
clear,68
clear,68
clear,68
clear,68
clear,68
clear,68
clear,68
clear,68
clear,68
clear,68
clear,68
rainy,69
rainy,69
rainy,69
rainy,69
rainy,69
rainy,69
rainy,69
rainy,69
rainy,69
rainy,69
rainy,69
rainy,69
rainy,69
rainy,69
rainy,69
rainy,69
rainy,69
rainy,69
rainy,69
rainy,69
rainy,69
rainy,69
rainy,69
rainy,69
rainy,69
rainy,69
rainy,69
rainy,69
rainy,69
rainy,69
rainy,69
rainy,69
rainy,69
clear,69
clear,70
clear,70
clear,70
clear,70
clear,70
clear,70
clear,70
clear,70
clear,70
clear,70
clear,70
clear,70
clear,70
clear,70
clear,70
clear,70
clear,70
clear,70
clear,70
clear,70
clear,70
clear,70
clear,70
clear,70
clear,70
clear,70
clear,70
clear,70
clear,70
clear,70
clear,70
clear,70
clear,70
clear,70
clear,71
clear,71
clear,71
clear,71
clear,71
clear,71
clear,71
clear,71
clear,71
clear,71
clear,71
clear,71
clear,71
clear,71
clear,71
clear,71
clear,71
clear,71
clear,71
clear,71
clear,71
clear,71
clear,71
clear,71
clear,71
clear,71
clear,71
clear,71
clear,71
clear,71
clear,71
clear,71
clear,71
clear,71
clear,71
rainy,72
rainy,72
rainy,72
rainy,72
rainy,72
rainy,72
rainy,72
rainy,72
rainy,72
rainy,72
rainy,72
rainy,72
rainy,72
rainy,72
rainy,72
rainy,72
rainy,72
rainy,72
rainy,72
rainy,72
rainy,72
rainy,72
rainy,72
rainy,72
rainy,72
rainy,72
rainy,72
rainy,72
rainy,72
rainy,72
rainy,72
rainy,72
rainy,72
clear,72
rainy,73
rainy,73
rainy,73
rainy,73
rainy,73
rainy,73
rainy,73
rainy,73
rainy,73
rainy,73
rainy,73
rainy,73
rainy,73
rainy,73
rainy,73
rainy,73
rainy,73
rainy,73
rainy,73
rainy,73
rainy,73
rainy,73
rainy,73
rainy,73
rainy,73
rainy,73
rainy,73
rainy,73
rainy,73
rainy,73
rainy,73
rainy,73
rainy,73
clear,73
clear,74
clear,74
clear,74
clear,74
clear,74
clear,74
clear,74
clear,74
clear,74
clear,74
clear,74
clear,74
clear,74
clear,74
clear,74
clear,74
clear,74
clear,74
clear,74
clear,74
clear,74
clear,74
clear,74
clear,74
clear,74
clear,74
clear,74
clear,74
clear,74
clear,74
clear,74
clear,74
clear,74
clear,74
clear,75
clear,75
clear,75
clear,75
clear,75
clear,75
clear,75
clear,75
clear,75
clear,75
clear,75
clear,75
clear,75
clear,75
clear,75
clear,75
clear,75
clear,75
clear,75
clear,75
clear,75
clear,75
clear,75
clear,75
clear,75
clear,75
clear,75
clear,75
clear,75
clear,75
clear,75
clear,75
clear,75
night,76
night,76
night,76
night,76
night,76
night,76
night,76
night,76
night,76
night,76
night,76
night,76
night,76
night,76
night,76
night,76
night,76
night,76
night,76
night,76
night,76
night,76
night,76
night,76
night,76
night,76
night,76
night,76
night,76
night,76
night,76
night,76
night,76
clear,76
clear,77
clear,77
clear,77
clear,77
clear,77
clear,77
clear,77
clear,77
clear,77
clear,77
clear,77
clear,77
clear,77
clear,77
clear,77
clear,77
clear,77
clear,77
clear,77
clear,77
clear,77
clear,77
clear,77
clear,77
clear,77
clear,77
clear,77
clear,77
clear,77
clear,77
clear,77
clear,77
clear,77
clear,77
clear,78
clear,78
clear,78
clear,78
clear,78
clear,78
clear,78
clear,78
clear,78
clear,78
clear,78
clear,78
clear,78
clear,78
clear,78
clear,78
clear,78
clear,78
clear,78
clear,78
clear,78
clear,78
clear,78
clear,78
clear,78
clear,78
clear,78
clear,78
clear,78
clear,78
clear,78
clear,78
clear,78
clear,78
clear,79
clear,79
clear,79
clear,79
clear,79
clear,79
clear,79
clear,79
clear,79
clear,79
clear,79
clear,79
clear,79
clear,79
clear,79
clear,79
clear,79
clear,79
clear,79
clear,79
clear,79
clear,79
clear,79
clear,79
clear,79
clear,79
clear,79
clear,79
clear,79
clear,79
clear,79
clear,79
clear,79
clear,79
rainy,80
rainy,80
rainy,80
rainy,80
rainy,80
rainy,80
rainy,80
rainy,80
rainy,80
rainy,80
rainy,80
rainy,80
rainy,80
rainy,80
rainy,80
rainy,80
rainy,80
rainy,80
rainy,80
rainy,80
rainy,80
rainy,80
rainy,80
rainy,80
rainy,80
rainy,80
rainy,80
rainy,80
rainy,80
rainy,80
rainy,80
rainy,80
rainy,80
clear,80
night,81
night,81
night,81
night,81
night,81
night,81
night,81
night,81
night,81
night,81
night,81
night,81
night,81
night,81
night,81
night,81
night,81
night,81
night,81
night,81
night,81
night,81
night,81
night,81
night,81
night,81
night,81
night,81
night,81
night,81
night,81
night,81
night,81
night,81
clear,81
clear,82
clear,82
clear,82
clear,82
clear,82
clear,82
clear,82
clear,82
clear,82
clear,82
clear,82
clear,82
clear,82
clear,82
clear,82
clear,82
clear,82
clear,82
clear,82
clear,82
clear,82
clear,82
clear,82
clear,82
clear,82
clear,82
clear,82
clear,82
clear,82
clear,82
clear,82
clear,82
clear,82
clear,82
clear,83
clear,83
clear,83
clear,83
clear,83
clear,83
clear,83
clear,83
clear,83
clear,83
clear,83
clear,83
clear,83
clear,83
clear,83
clear,83
clear,83
clear,83
clear,83
clear,83
clear,83
clear,83
clear,83
clear,83
clear,83
clear,83
clear,83
clear,83
clear,83
clear,83
clear,83
clear,83
clear,83
clear,83
clear,84
clear,84
clear,84
clear,84
clear,84
clear,84
clear,84
clear,84
clear,84
clear,84
clear,84
clear,84
clear,84
clear,84
clear,84
clear,84
clear,84
clear,84
clear,84
clear,84
clear,84
clear,84
clear,84
clear,84
clear,84
clear,84
clear,84
clear,84
clear,84
clear,84
clear,84
clear,84
clear,84
clear,84
rainy,85
rainy,85
rainy,85
rainy,85
rainy,85
rainy,85
rainy,85
rainy,85
rainy,85
rainy,85
rainy,85
rainy,85
rainy,85
rainy,85
rainy,85
rainy,85
rainy,85
rainy,85
rainy,85
rainy,85
rainy,85
rainy,85
rainy,85
rainy,85
rainy,85
rainy,85
rainy,85
rainy,85
rainy,85
rainy,85
rainy,85
rainy,85
rainy,85
rainy,85
rainy,85
rainy,86
rainy,86
rainy,86
rainy,86
rainy,86
rainy,86
rainy,86
rainy,86
rainy,86
rainy,86
rainy,86
rainy,86
rainy,86
rainy,86
rainy,86
rainy,86
rainy,86
rainy,86
rainy,86
rainy,86
rainy,86
rainy,86
rainy,86
rainy,86
rainy,86
rainy,86
rainy,86
rainy,86
rainy,86
rainy,86
rainy,86
rainy,86
rainy,86
clear,86
clear,87
clear,87
clear,87
clear,87
clear,87
clear,87
clear,87
clear,87
clear,87
clear,87
clear,87
clear,87
clear,87
clear,87
clear,87
clear,87
clear,87
clear,87
clear,87
clear,87
clear,87
clear,87
clear,87
clear,87
clear,87
clear,87
clear,87
clear,87
clear,87
clear,87
clear,87
clear,87
clear,87
clear,87
clear,88
clear,88
clear,88
clear,88
clear,88
clear,88
clear,88
clear,88
clear,88
clear,88
clear,88
clear,88
clear,88
clear,88
clear,88
clear,88
clear,88
clear,88
clear,88
clear,88
clear,88
clear,88
clear,88
clear,88
clear,88
clear,88
clear,88
clear,88
clear,88
clear,88
clear,88
clear,88
clear,88
clear,88
clear,89
clear,89
clear,89
clear,89
clear,89
clear,89
clear,89
clear,89
clear,89
clear,89
clear,89
clear,89
clear,89
clear,89
clear,89
clear,89
clear,89
clear,89
clear,89
clear,89
clear,89
clear,89
clear,89
clear,89
clear,89
clear,89
clear,89
clear,89
clear,89
clear,89
clear,89
clear,89
clear,89
clear,89
clear,89
clear,90
clear,90
clear,90
clear,90
clear,90
clear,90
clear,90
clear,90
clear,90
clear,90
clear,90
clear,90
clear,90
clear,90
clear,90
clear,90
clear,90
clear,90
clear,90
clear,90
clear,90
clear,90
clear,90
clear,90
clear,90
clear,90
clear,90
clear,90
clear,90
clear,90
clear,90
clear,90
clear,90
clear,90
clear,91
clear,91
clear,91
clear,91
clear,91
clear,91
clear,91
clear,91
clear,91
clear,91
clear,91
clear,91
clear,91
clear,91
clear,91
clear,91
clear,91
clear,91
clear,91
clear,91
clear,91
clear,91
clear,91
clear,91
clear,91
clear,91
clear,91
clear,91
clear,91
clear,91
clear,91
clear,91
clear,91
clear,91
clear,91
clear,92
clear,92
clear,92
clear,92
clear,92
clear,92
clear,92
clear,92
clear,92
clear,92
clear,92
clear,92
clear,92
clear,92
clear,92
clear,92
clear,92
clear,92
clear,92
clear,92
clear,92
clear,92
clear,92
clear,92
clear,92
clear,92
clear,92
clear,92
clear,92
clear,92
clear,92
clear,92
clear,92
clear,92
clear,92
clear,93
clear,93
clear,93
clear,93
clear,93
clear,93
clear,93
clear,93
clear,93
clear,93
clear,93
clear,93
clear,93
clear,93
clear,93
clear,93
clear,93
clear,93
clear,93
clear,93
clear,93
clear,93
clear,93
clear,93
clear,93
clear,93
clear,93
clear,93
clear,93
clear,93
clear,93
clear,93
clear,93
clear,93
clear,93
clear,94
clear,94
clear,94
clear,94
clear,94
clear,94
clear,94
clear,94
clear,94
clear,94
clear,94
clear,94
clear,94
clear,94
clear,94
clear,94
clear,94
clear,94
clear,94
clear,94
clear,94
clear,94
clear,94
clear,94
clear,94
clear,94
clear,94
clear,94
clear,94
clear,94
clear,94
clear,94
clear,94
clear,94
rainy,95
rainy,95
rainy,95
rainy,95
rainy,95
rainy,95
rainy,95
rainy,95
rainy,95
rainy,95
rainy,95
rainy,95
rainy,95
rainy,95
rainy,95
rainy,95
rainy,95
rainy,95
rainy,95
rainy,95
rainy,95
rainy,95
rainy,95
rainy,95
rainy,95
rainy,95
rainy,95
rainy,95
rainy,95
rainy,95
rainy,95
rainy,95
rainy,95
clear,95
clear,96
clear,96
clear,96
clear,96
clear,96
clear,96
clear,96
clear,96
clear,96
clear,96
clear,96
clear,96
clear,96
clear,96
clear,96
clear,96
clear,96
clear,96
clear,96
clear,96
clear,96
clear,96
clear,96
clear,96
clear,96
clear,96
clear,96
clear,96
clear,96
clear,96
clear,96
clear,96
clear,96
clear,97
clear,97
clear,97
clear,97
clear,97
clear,97
clear,97
clear,97
clear,97
clear,97
clear,97
clear,97
clear,97
clear,97
clear,97
clear,97
clear,97
clear,97
clear,97
clear,97
clear,97
clear,97
clear,97
clear,97
clear,97
clear,97
clear,97
clear,97
clear,97
clear,97
clear,97
clear,97
clear,97
clear,97
clear,98
clear,98
clear,98
clear,98
clear,98
clear,98
clear,98
clear,98
clear,98
clear,98
clear,98
clear,98
clear,98
clear,98
clear,98
clear,98
clear,98
clear,98
clear,98
clear,98
clear,98
clear,98
clear,98
clear,98
clear,98
clear,98
clear,98
clear,98
clear,98
clear,98
clear,98
clear,98
clear,98
clear,98
clear,99
clear,99
clear,99
clear,99
clear,99
clear,99
clear,99
clear,99
clear,99
clear,99
clear,99
clear,99
clear,99
clear,99
clear,99
clear,99
clear,99
clear,99
clear,99
clear,99
clear,99
clear,99
clear,99
clear,99
clear,99
clear,99
clear,99
clear,99
clear,99
clear,99
clear,99
clear,99
clear,99
rainy,100
rainy,100
rainy,100
rainy,100
rainy,100
rainy,100
rainy,100
rainy,100
rainy,100
rainy,100
rainy,100
rainy,100
rainy,100
rainy,100
rainy,100
rainy,100
rainy,100
rainy,100
rainy,100
rainy,100
rainy,100
rainy,100
rainy,100
rainy,100
rainy,100
rainy,100
rainy,100
rainy,100
rainy,100
rainy,100
rainy,100
rainy,100
rainy,100
rainy,100
clear,100
clear,101
clear,101
clear,101
clear,101
clear,101
clear,101
clear,101
clear,101
clear,101
clear,101
clear,101
clear,101
clear,101
clear,101
clear,101
clear,101
clear,101
clear,101
clear,101
clear,101
clear,101
clear,101
clear,101
clear,101
clear,101
clear,101
clear,101
clear,101
clear,101
clear,101
clear,101
clear,101
clear,101
clear,101
rainy,102
rainy,102
rainy,102
rainy,102
rainy,102
rainy,102
rainy,102
rainy,102
rainy,102
rainy,102
rainy,102
rainy,102
rainy,102
rainy,102
rainy,102
rainy,102
rainy,102
rainy,102
rainy,102
rainy,102
rainy,102
rainy,102
rainy,102
rainy,102
rainy,102
rainy,102
rainy,102
rainy,102
rainy,102
rainy,102
rainy,102
rainy,102
rainy,102
clear,102
clear,103
clear,103
clear,103
clear,103
clear,103
clear,103
clear,103
clear,103
clear,103
clear,103
clear,103
clear,103
clear,103
clear,103
clear,103
clear,103
clear,103
clear,103
clear,103
clear,103
clear,103
clear,103
clear,103
clear,103
clear,103
clear,103
clear,103
clear,103
clear,103
clear,103
clear,103
clear,103
clear,103
clear,103
clear,104
clear,104
clear,104
clear,104
clear,104
clear,104
clear,104
clear,104
clear,104
clear,104
clear,104
clear,104
clear,104
clear,104
clear,104
clear,104
clear,104
clear,104
clear,104
clear,104
clear,104
clear,104
clear,104
clear,104
clear,104
clear,104
clear,104
clear,104
clear,104
clear,104
clear,104
clear,104
clear,104
clear,105
clear,105
clear,105
clear,105
clear,105
clear,105
clear,105
clear,105
clear,105
clear,105
clear,105
clear,105
clear,105
clear,105
clear,105
clear,105
clear,105
clear,105
clear,105
clear,105
clear,105
clear,105
clear,105
clear,105
clear,105
clear,105
clear,105
clear,105
clear,105
clear,105
clear,105
clear,105
clear,105
clear,105
night,106
night,106
night,106
night,106
night,106
night,106
night,106
night,106
night,106
night,106
night,106
night,106
night,106
night,106
night,106
night,106
night,106
night,106
night,106
night,106
night,106
night,106
night,106
night,106
night,106
night,106
night,106
night,106
night,106
night,106
night,106
night,106
night,106
clear,106
clear,107
clear,107
clear,107
clear,107
clear,107
clear,107
clear,107
clear,107
clear,107
clear,107
clear,107
clear,107
clear,107
clear,107
clear,107
clear,107
clear,107
clear,107
clear,107
clear,107
clear,107
clear,107
clear,107
clear,107
clear,107
clear,107
clear,107
clear,107
clear,107
clear,107
clear,107
clear,107
clear,107
clear,107
clear,108
clear,108
clear,108
clear,108
clear,108
clear,108
clear,108
clear,108
clear,108
clear,108
clear,108
clear,108
clear,108
clear,108
clear,108
clear,108
clear,108
clear,108
clear,108
clear,108
clear,108
clear,108
clear,108
clear,108
clear,108
clear,108
clear,108
clear,108
clear,108
clear,108
clear,108
clear,108
clear,108
clear,108
clear,108
clear,109
clear,109
clear,109
clear,109
clear,109
clear,109
clear,109
clear,109
clear,109
clear,109
clear,109
clear,109
clear,109
clear,109
clear,109
clear,109
clear,109
clear,109
clear,109
clear,109
clear,109
clear,109
clear,109
clear,109
clear,109
clear,109
clear,109
clear,109
clear,109
clear,109
clear,109
clear,109
clear,109
clear,110
clear,110
clear,110
clear,110
clear,110
clear,110
clear,110
clear,110
clear,110
clear,110
clear,110
clear,110
clear,110
clear,110
clear,110
clear,110
clear,110
clear,110
clear,110
clear,110
clear,110
clear,110
clear,110
clear,110
clear,110
clear,110
clear,110
clear,110
clear,110
clear,110
clear,110
clear,110
clear,110
clear,110
rainy,111
rainy,111
rainy,111
rainy,111
rainy,111
rainy,111
rainy,111
rainy,111
rainy,111
rainy,111
rainy,111
rainy,111
rainy,111
rainy,111
rainy,111
rainy,111
rainy,111
rainy,111
rainy,111
rainy,111
rainy,111
rainy,111
rainy,111
rainy,111
rainy,111
rainy,111
rainy,111
rainy,111
rainy,111
rainy,111
rainy,111
rainy,111
rainy,111
clear,111
clear,112
clear,112
clear,112
clear,112
clear,112
clear,112
clear,112
clear,112
clear,112
clear,112
clear,112
clear,112
clear,112
clear,112
clear,112
clear,112
clear,112
clear,112
clear,112
clear,112
clear,112
clear,112
clear,112
clear,112
clear,112
clear,112
clear,112
clear,112
clear,112
clear,112
clear,112
clear,112
clear,112
clear,112
night,113
night,113
night,113
night,113
night,113
night,113
night,113
night,113
night,113
night,113
night,113
night,113
night,113
night,113
night,113
night,113
night,113
night,113
night,113
night,113
night,113
night,113
night,113
night,113
night,113
night,113
night,113
night,113
night,113
night,113
night,113
night,113
night,113
clear,113
clear,114
clear,114
clear,114
clear,114
clear,114
clear,114
clear,114
clear,114
clear,114
clear,114
clear,114
clear,114
clear,114
clear,114
clear,114
clear,114
clear,114
clear,114
clear,114
clear,114
clear,114
clear,114
clear,114
clear,114
clear,114
clear,114
clear,114
clear,114
clear,114
clear,114
clear,114
clear,114
clear,114
clear,114
rainy,115
rainy,115
rainy,115
rainy,115
rainy,115
rainy,115
rainy,115
rainy,115
rainy,115
rainy,115
rainy,115
rainy,115
rainy,115
rainy,115
rainy,115
rainy,115
rainy,115
rainy,115
rainy,115
rainy,115
rainy,115
rainy,115
rainy,115
rainy,115
rainy,115
rainy,115
rainy,115
rainy,115
rainy,115
rainy,115
rainy,115
rainy,115
rainy,115
rainy,115
rainy,115
clear,116
clear,116
clear,116
clear,116
clear,116
clear,116
clear,116
clear,116
clear,116
clear,116
clear,116
clear,116
clear,116
clear,116
clear,116
clear,116
clear,116
clear,116
clear,116
clear,116
clear,116
clear,116
clear,116
clear,116
clear,116
clear,116
clear,116
clear,116
clear,116
clear,116
clear,116
clear,116
clear,116
clear,117
clear,117
clear,117
clear,117
clear,117
clear,117
clear,117
clear,117
clear,117
clear,117
clear,117
clear,117
clear,117
clear,117
clear,117
clear,117
clear,117
clear,117
clear,117
clear,117
clear,117
clear,117
clear,117
clear,117
clear,117
clear,117
clear,117
clear,117
clear,117
clear,117
clear,117
clear,117
clear,117
clear,117
clear,117
clear,118
clear,118
clear,118
clear,118
clear,118
clear,118
clear,118
clear,118
clear,118
clear,118
clear,118
clear,118
clear,118
clear,118
clear,118
clear,118
clear,118
clear,118
clear,118
clear,118
clear,118
clear,118
clear,118
clear,118
clear,118
clear,118
clear,118
clear,118
clear,118
clear,118
clear,118
clear,118
clear,118
clear,118
clear,119
clear,119
clear,119
clear,119
clear,119
clear,119
clear,119
clear,119
clear,119
clear,119
clear,119
clear,119
clear,119
clear,119
clear,119
clear,119
clear,119
clear,119
clear,119
clear,119
clear,119
clear,119
clear,119
clear,119
clear,119
clear,119
clear,119
clear,119
clear,119
clear,119
clear,119
clear,119
clear,119
clear,120
clear,120
clear,120
clear,120
clear,120
clear,120
clear,120
clear,120
clear,120
clear,120
clear,120
clear,120
clear,120
clear,120
clear,120
clear,120
clear,120
clear,120
clear,120
clear,120
clear,120
clear,120
clear,120
clear,120
clear,120
clear,120
clear,120
clear,120
clear,120
clear,120
clear,120
clear,120
clear,120
clear,121
clear,121
clear,121
clear,121
clear,121
clear,121
clear,121
clear,121
clear,121
clear,121
clear,121
clear,121
clear,121
clear,121
clear,121
clear,121
clear,121
clear,121
clear,121
clear,121
clear,121
clear,121
clear,121
clear,121
clear,121
clear,121
clear,121
clear,121
clear,121
clear,121
clear,121
clear,121
clear,121
clear,121
clear,121
clear,122
clear,122
clear,122
clear,122
clear,122
clear,122
clear,122
clear,122
clear,122
clear,122
clear,122
clear,122
clear,122
clear,122
clear,122
clear,122
clear,122
clear,122
clear,122
clear,122
clear,122
clear,122
clear,122
clear,122
clear,122
clear,122
clear,122
clear,122
clear,122
clear,122
clear,122
clear,122
clear,122
clear,122
clear,123
clear,123
clear,123
clear,123
clear,123
clear,123
clear,123
clear,123
clear,123
clear,123
clear,123
clear,123
clear,123
clear,123
clear,123
clear,123
clear,123
clear,123
clear,123
clear,123
clear,123
clear,123
clear,123
clear,123
clear,123
clear,123
clear,123
clear,123
clear,123
clear,123
clear,123
clear,123
clear,123
clear,123
clear,124
clear,124
clear,124
clear,124
clear,124
clear,124
clear,124
clear,124
clear,124
clear,124
clear,124
clear,124
clear,124
clear,124
clear,124
clear,124
clear,124
clear,124
clear,124
clear,124
clear,124
clear,124
clear,124
clear,124
clear,124
clear,124
clear,124
clear,124
clear,124
clear,124
clear,124
clear,124
clear,124
rainy,125
rainy,125
rainy,125
rainy,125
rainy,125
rainy,125
rainy,125
rainy,125
rainy,125
rainy,125
rainy,125
rainy,125
rainy,125
rainy,125
rainy,125
rainy,125
rainy,125
rainy,125
rainy,125
rainy,125
rainy,125
rainy,125
rainy,125
rainy,125
rainy,125
rainy,125
rainy,125
rainy,125
rainy,125
rainy,125
rainy,125
rainy,125
rainy,125
rainy,125
clear,125
clear,126
clear,126
clear,126
clear,126
clear,126
clear,126
clear,126
clear,126
clear,126
clear,126
clear,126
clear,126
clear,126
clear,126
clear,126
clear,126
clear,126
clear,126
clear,126
clear,126
clear,126
clear,126
clear,126
clear,126
clear,126
clear,126
clear,126
clear,126
clear,126
clear,126
clear,126
clear,126
clear,126
clear,126
night,127
night,127
night,127
night,127
night,127
night,127
night,127
night,127
night,127
night,127
night,127
night,127
night,127
night,127
night,127
night,127
night,127
night,127
night,127
night,127
night,127
night,127
night,127
night,127
night,127
night,127
night,127
night,127
night,127
night,127
night,127
night,127
night,127
clear,127
rainy,128
rainy,128
rainy,128
rainy,128
rainy,128
rainy,128
rainy,128
rainy,128
rainy,128
rainy,128
rainy,128
rainy,128
rainy,128
rainy,128
rainy,128
rainy,128
rainy,128
rainy,128
rainy,128
rainy,128
rainy,128
rainy,128
rainy,128
rainy,128
rainy,128
rainy,128
rainy,128
rainy,128
rainy,128
rainy,128
rainy,128
rainy,128
rainy,128
clear,128
clear,129
clear,129
clear,129
clear,129
clear,129
clear,129
clear,129
clear,129
clear,129
clear,129
clear,129
clear,129
clear,129
clear,129
clear,129
clear,129
clear,129
clear,129
clear,129
clear,129
clear,129
clear,129
clear,129
clear,129
clear,129
clear,129
clear,129
clear,129
clear,129
clear,129
clear,129
clear,129
clear,129
clear,129
clear,130
clear,130
clear,130
clear,130
clear,130
clear,130
clear,130
clear,130
clear,130
clear,130
clear,130
clear,130
clear,130
clear,130
clear,130
clear,130
clear,130
clear,130
clear,130
clear,130
clear,130
clear,130
clear,130
clear,130
clear,130
clear,130
clear,130
clear,130
clear,130
clear,130
clear,130
clear,130
clear,130
clear,130
rainy,131
rainy,131
rainy,131
rainy,131
rainy,131
rainy,131
rainy,131
rainy,131
rainy,131
rainy,131
rainy,131
rainy,131
rainy,131
rainy,131
rainy,131
rainy,131
rainy,131
rainy,131
rainy,131
rainy,131
rainy,131
rainy,131
rainy,131
rainy,131
rainy,131
rainy,131
rainy,131
rainy,131
rainy,131
rainy,131
rainy,131
rainy,131
rainy,131
rainy,131
clear,131
clear,132
clear,132
clear,132
clear,132
clear,132
clear,132
clear,132
clear,132
clear,132
clear,132
clear,132
clear,132
clear,132
clear,132
clear,132
clear,132
clear,132
clear,132
clear,132
clear,132
clear,132
clear,132
clear,132
clear,132
clear,132
clear,132
clear,132
clear,132
clear,132
clear,132
clear,132
clear,132
clear,132
clear,132
clear,133
clear,133
clear,133
clear,133
clear,133
clear,133
clear,133
clear,133
clear,133
clear,133
clear,133
clear,133
clear,133
clear,133
clear,133
clear,133
clear,133
clear,133
clear,133
clear,133
clear,133
clear,133
clear,133
clear,133
clear,133
clear,133
clear,133
clear,133
clear,133
clear,133
clear,133
clear,133
clear,133
clear,133
clear,133
clear,134
clear,134
clear,134
clear,134
clear,134
clear,134
clear,134
clear,134
clear,134
clear,134
clear,134
clear,134
clear,134
clear,134
clear,134
clear,134
clear,134
clear,134
clear,134
clear,134
clear,134
clear,134
clear,134
clear,134
clear,134
clear,134
clear,134
clear,134
clear,134
clear,134
clear,134
clear,134
clear,134
clear,134
clear,135
clear,135
clear,135
clear,135
clear,135
clear,135
clear,135
clear,135
clear,135
clear,135
clear,135
clear,135
clear,135
clear,135
clear,135
clear,135
clear,135
clear,135
clear,135
clear,135
clear,135
clear,135
clear,135
clear,135
clear,135
clear,135
clear,135
clear,135
clear,135
clear,135
clear,135
clear,135
clear,135
clear,135
night,136
night,136
night,136
night,136
night,136
night,136
night,136
night,136
night,136
night,136
night,136
night,136
night,136
night,136
night,136
night,136
night,136
night,136
night,136
night,136
night,136
night,136
night,136
night,136
night,136
night,136
night,136
night,136
night,136
night,136
night,136
night,136
night,136
clear,136
clear,137
clear,137
clear,137
clear,137
clear,137
clear,137
clear,137
clear,137
clear,137
clear,137
clear,137
clear,137
clear,137
clear,137
clear,137
clear,137
clear,137
clear,137
clear,137
clear,137
clear,137
clear,137
clear,137
clear,137
clear,137
clear,137
clear,137
clear,137
clear,137
clear,137
clear,137
clear,137
clear,137
clear,137
night,138
night,138
night,138
night,138
night,138
night,138
night,138
night,138
night,138
night,138
night,138
night,138
night,138
night,138
night,138
night,138
night,138
night,138
night,138
night,138
night,138
night,138
night,138
night,138
night,138
night,138
night,138
night,138
night,138
night,138
night,138
night,138
night,138
night,138
clear,138
night,139
night,139
night,139
night,139
night,139
night,139
night,139
night,139
night,139
night,139
night,139
night,139
night,139
night,139
night,139
night,139
night,139
night,139
night,139
night,139
night,139
night,139
night,139
night,139
night,139
night,139
night,139
night,139
night,139
night,139
night,139
night,139
night,139
clear,139
clear,140
clear,140
clear,140
clear,140
clear,140
clear,140
clear,140
clear,140
clear,140
clear,140
clear,140
clear,140
clear,140
clear,140
clear,140
clear,140
clear,140
clear,140
clear,140
clear,140
clear,140
clear,140
clear,140
clear,140
clear,140
clear,140
clear,140
clear,140
clear,140
clear,140
clear,140
clear,140
clear,140
clear,140
clear,141
clear,141
clear,141
clear,141
clear,141
clear,141
clear,141
clear,141
clear,141
clear,141
clear,141
clear,141
clear,141
clear,141
clear,141
clear,141
clear,141
clear,141
clear,141
clear,141
clear,141
clear,141
clear,141
clear,141
clear,141
clear,141
clear,141
clear,141
clear,141
clear,141
clear,141
clear,141
clear,141
clear,141
clear,142
clear,142
clear,142
clear,142
clear,142
clear,142
clear,142
clear,142
clear,142
clear,142
clear,142
clear,142
clear,142
clear,142
clear,142
clear,142
clear,142
clear,142
clear,142
clear,142
clear,142
clear,142
clear,142
clear,142
clear,142
clear,142
clear,142
clear,142
clear,142
clear,142
clear,142
clear,142
clear,142
clear,142
clear,143
clear,143
clear,143
clear,143
clear,143
clear,143
clear,143
clear,143
clear,143
clear,143
clear,143
clear,143
clear,143
clear,143
clear,143
clear,143
clear,143
clear,143
clear,143
clear,143
clear,143
clear,143
clear,143
clear,143
clear,143
clear,143
clear,143
clear,143
clear,143
clear,143
clear,143
clear,143
clear,143
clear,143
clear,144
clear,144
clear,144
clear,144
clear,144
clear,144
clear,144
clear,144
clear,144
clear,144
clear,144
clear,144
clear,144
clear,144
clear,144
clear,144
clear,144
clear,144
clear,144
clear,144
clear,144
clear,144
clear,144
clear,144
clear,144
clear,144
clear,144
clear,144
clear,144
clear,144
clear,144
clear,144
clear,144
clear,144
clear,145
clear,145
clear,145
clear,145
clear,145
clear,145
clear,145
clear,145
clear,145
clear,145
clear,145
clear,145
clear,145
clear,145
clear,145
clear,145
clear,145
clear,145
clear,145
clear,145
clear,145
clear,145
clear,145
clear,145
clear,145
clear,145
clear,145
clear,145
clear,145
clear,145
clear,145
clear,145
clear,145
clear,145
clear,145
rainy,146
rainy,146
rainy,146
rainy,146
rainy,146
rainy,146
rainy,146
rainy,146
rainy,146
rainy,146
rainy,146
rainy,146
rainy,146
rainy,146
rainy,146
rainy,146
rainy,146
rainy,146
rainy,146
rainy,146
rainy,146
rainy,146
rainy,146
rainy,146
rainy,146
rainy,146
rainy,146
rainy,146
rainy,146
rainy,146
rainy,146
rainy,146
rainy,146
rainy,146
clear,146
night,147
night,147
night,147
night,147
night,147
night,147
night,147
night,147
night,147
night,147
night,147
night,147
night,147
night,147
night,147
night,147
night,147
night,147
night,147
night,147
night,147
night,147
night,147
night,147
night,147
night,147
night,147
night,147
night,147
night,147
night,147
night,147
night,147
clear,147
clear,148
clear,148
clear,148
clear,148
clear,148
clear,148
clear,148
clear,148
clear,148
clear,148
clear,148
clear,148
clear,148
clear,148
clear,148
clear,148
clear,148
clear,148
clear,148
clear,148
clear,148
clear,148
clear,148
clear,148
clear,148
clear,148
clear,148
clear,148
clear,148
clear,148
clear,148
clear,148
clear,148
clear,148
clear,149
clear,149
clear,149
clear,149
clear,149
clear,149
clear,149
clear,149
clear,149
clear,149
clear,149
clear,149
clear,149
clear,149
clear,149
clear,149
clear,149
clear,149
clear,149
clear,149
clear,149
clear,149
clear,149
clear,149
clear,149
clear,149
clear,149
clear,149
clear,149
clear,149
clear,149
clear,149
clear,149
clear,149
clear,150
clear,150
clear,150
clear,150
clear,150
clear,150
clear,150
clear,150
clear,150
clear,150
clear,150
clear,150
clear,150
clear,150
clear,150
clear,150
clear,150
clear,150
clear,150
clear,150
clear,150
clear,150
clear,150
clear,150
clear,150
clear,150
clear,150
clear,150
clear,150
clear,150
clear,150
clear,150
